content_url,view_count,content_type,content_id,media_url
https://giphy.com/gifs/ndgGpabb3LBc4BZwUM,9845444,GIF,ndgGpabb3LBc4BZwUM,https://media.giphy.com/media/ndgGpabb3LBc4BZwUM/giphy.gif
https://giphy.com/gifs/xXLmWMJ13JdPoFyBm4,7299791,GIF,xXLmWMJ13JdPoFyBm4,https://media.giphy.com/media/xXLmWMJ13JdPoFyBm4/giphy.gif
https://giphy.com/gifs/8wjJiEsEgrl24cm0mk,6792474,GIF,8wjJiEsEgrl24cm0mk,https://media.giphy.com/media/8wjJiEsEgrl24cm0mk/giphy.gif
https://giphy.com/gifs/e22ohwmtUKGSGgIyOT,6174317,GIF,e22ohwmtUKGSGgIyOT,https://media.giphy.com/media/e22ohwmtUKGSGgIyOT/giphy.gif
https://giphy.com/gifs/JVZwAUyHWXlpsXWQBQ,6048297,GIF,JVZwAUyHWXlpsXWQBQ,https://media.giphy.com/media/JVZwAUyHWXlpsXWQBQ/giphy.gif
https://giphy.com/gifs/sK9AU1scp2DWKvjW3V,5885840,GIF,sK9AU1scp2DWKvjW3V,https://media.giphy.com/media/sK9AU1scp2DWKvjW3V/giphy.gif
https://giphy.com/stickers/DEugHkrtydVsID9dSh,3537579,STICKER,DEugHkrtydVsID9dSh,https://media.giphy.com/media/DEugHkrtydVsID9dSh/giphy.gif
https://giphy.com/stickers/MGGbpcHlRDZVMtK8O1,3029886,STICKER,MGGbpcHlRDZVMtK8O1,https://media.giphy.com/media/MGGbpcHlRDZVMtK8O1/giphy.gif
https://giphy.com/gifs/To39CIGja3tlgBkPqr,1538161,GIF,To39CIGja3tlgBkPqr,https://media.giphy.com/media/To39CIGja3tlgBkPqr/giphy.gif
https://giphy.com/gifs/XBPshobDLbFZjxQWAk,14675,GIF,XBPshobDLbFZjxQWAk,https://media.giphy.com/media/XBPshobDLbFZjxQWAk/giphy.gif
https://giphy.com/gifs/3bh3DTmELwCrPQ8NPI,204,GIF,3bh3DTmELwCrPQ8NPI,https://media.giphy.com/media/3bh3DTmELwCrPQ8NPI/giphy.gif
https://giphy.com/gifs/QbqIcNj8chKRHONePj,14,GIF,QbqIcNj8chKRHONePj,https://media.giphy.com/media/QbqIcNj8chKRHONePj/giphy.gif
